{
  "goid": "84449671abe2a5b143051dbdfdf7e684",
  "name": "Rest Api 3",
  "resolutionPath": "/api3",
  "checksum": "ad069ae7b081636f7334ff76b99d09b75dd78b81",
  "enabled": true,
  "folderPath": "/myApis",
  "methodsAllowed": [
    "GET",
    "POST",
    "PUT",
    "DELETE"
  ],
  "tracingEnabled": false,
  "wssProcessingEnabled": false,
  "policy": {
    "xml": "<?xml version=\"1.0\" encoding=\"UTF-8\"?>\n<wsp:Policy xmlns:L7p=\"http://www.layer7tech.com/ws/policy\" xmlns:wsp=\"http://schemas.xmlsoap.org/ws/2002/12/policy\">\n    <wsp:All wsp:Usage=\"Required\">\n        <L7p:HardcodedResponse><L7p:Base64ResponseBody stringValue=\"aGVsbG8gd29ybGQ=\"/>    </L7p:HardcodedResponse>    </wsp:All>\n</wsp:Policy>\n"
  }
}
