{
  "goid": "84449671abe2a5b143051dbdfdf7e716",
  "name": "Rest Api 2",
  "resolutionPath": "/api2",
  "checksum": "6b2e555519d62f84fac207a1b846a2d2d83955cc",
  "enabled": true,
  "folderPath": "/myApis",
  "methodsAllowed": [
    "GET",
    "POST",
    "PUT",
    "DELETE"
  ],
  "tracingEnabled": false,
  "wssProcessingEnabled": false,
  "policy": {
    "xml": "<?xml version=\"1.0\" encoding=\"UTF-8\"?>\n<wsp:Policy xmlns:L7p=\"http://www.layer7tech.com/ws/policy\" xmlns:wsp=\"http://schemas.xmlsoap.org/ws/2002/12/policy\">\n    <wsp:All wsp:Usage=\"Required\">\n        <L7p:SetVariable>\n            <L7p:Base64Expression stringValue=\"aGVsbG8gYXBpIDI=\"/>\n            <L7p:VariableToSet stringValue=\"service_specific_var\"/>\n        </L7p:SetVariable>\n        <L7p:Include>\n            <L7p:PolicyGuid stringValue=\"a9f7163b-d17a-42e8-9b75-855ca6f67c08\"/>\n        </L7p:Include>\n    </wsp:All>\n</wsp:Policy>\n"
  }
}